Test,Statistic,P_Value,Significant
Friedman,36.60000000000002,0.0001344290881880074,True
