{
  "validation_0": {
    "score": [
      0.9970514915367856,
      0.9982926931456343,
      0.9985126529244176,
      0.998606921401039,
      0.9986383442265795,
      0.9986226328138093,
      0.9986435813641696,
      0.9986540556393497,
      0.99866976705212,
      0.99866976705212,
      0.9986750041897101,
      0.9986802413273002,
      0.9986802413273002,
      0.9986802413273002,
      0.99866976705212,
      0.9986802413273002,
      0.9986802413273002,
      0.9986802413273002,
      0.9986854784648902,
      0.9986854784648902,
      0.9986802413273002,
      0.9986854784648902,
      0.9986907156024804,
      0.9986907156024804,
      0.9986907156024804,
      0.9986854784648902,
      0.9986854784648902,
      0.9986802413273002,
      0.9986802413273002,
      0.9986854784648902
    ]
  },
  "validation_1": {
    "score": [
      0.9536342638797799,
      0.9562576634634578,
      0.9574838176166985,
      0.9580256066611538,
      0.9584248196412786,
      0.9587099717699392,
      0.9581681827254841,
      0.9585103652798768,
      0.958624426131341,
      0.9585103652798768,
      0.9583392740026804,
      0.958139667512618,
      0.9582822435769484,
      0.9582252131512162,
      0.9579970914482877,
      0.9581966979383502,
      0.958139667512618,
      0.9582822435769484,
      0.9580826370868859,
      0.958111152299752,
      0.958111152299752,
      0.9579115458096895,
      0.9580541218740198,
      0.9579970914482877,
      0.9582252131512162,
      0.9584248196412786,
      0.9584533348541446,
      0.9581681827254841,
      0.9581966979383502,
      0.9580256066611538
    ]
  }
}