{
  "validation_0": {
    "score": [
      0.9966564959507243,
      0.9978185240104939,
      0.9980323942055435,
      0.9982248773810882,
      0.9982391353940915,
      0.9982462644005932,
      0.9982248773810882,
      0.9982320063875898,
      0.9982605224135964,
      0.9982605224135964,
      0.9982533934070947,
      0.9982605224135964,
      0.9982676514200981,
      0.9982676514200981,
      0.9982676514200981,
      0.9982819094331014,
      0.9982819094331014,
      0.9982819094331014,
      0.9982819094331014,
      0.9982819094331014,
      0.9982819094331014,
      0.9982819094331014,
      0.9982819094331014,
      0.9982819094331014,
      0.9982819094331014,
      0.9982819094331014,
      0.9982819094331014,
      0.9982819094331014,
      0.9982819094331014,
      0.9982819094331014
    ]
  },
  "validation_1": {
    "score": [
      0.9545467506914939,
      0.9566568764435827,
      0.9576549088938949,
      0.9583677892155464,
      0.9584248196412786,
      0.9585103652798768,
      0.9579685762354216,
      0.9582252131512162,
      0.9589095782600017,
      0.9590806695371981,
      0.9592232456015284,
      0.9592517608143944,
      0.9592517608143944,
      0.9591091847500641,
      0.9590806695371981,
      0.9593373064529926,
      0.9591376999629302,
      0.9593373064529926,
      0.9592517608143944,
      0.9594228520915908,
      0.9593373064529926,
      0.9593373064529926,
      0.9592802760272605,
      0.9592802760272605,
      0.9594228520915908,
      0.9595369129430551,
      0.9594228520915908,
      0.9594228520915908,
      0.9594513673044569,
      0.9594513673044569
    ]
  }
}