{
  "validation_0": {
    "score": [
      0.9973761940673705,
      0.9982926931456343,
      0.9984079101726161,
      0.9984602815485168,
      0.9984917043740573,
      0.9984917043740573,
      0.9984917043740573,
      0.9984917043740573,
      0.9984917043740573,
      0.9984917043740573,
      0.9984917043740573,
      0.9984917043740573,
      0.9984917043740573,
      0.9984917043740573,
      0.9984917043740573,
      0.9984917043740573,
      0.9984917043740573,
      0.9984917043740573,
      0.9984917043740573,
      0.9984917043740573,
      0.9984917043740573,
      0.9984917043740573,
      0.9984917043740573,
      0.9984917043740573,
      0.9984917043740573,
      0.9984917043740573,
      0.9984917043740573,
      0.9984917043740573,
      0.9984917043740573,
      0.9984917043740573
    ]
  },
  "validation_1": {
    "score": [
      0.9542330833499673,
      0.9565713308049845,
      0.9573127263395022,
      0.9571416350623058,
      0.9581681827254841,
      0.9582822435769484,
      0.9586529413442071,
      0.9587955174085374,
      0.9583963044284125,
      0.9582822435769484,
      0.9582537283640823,
      0.9583677892155464,
      0.9584533348541446,
      0.9586529413442071,
      0.9587670021956713,
      0.9589380934728677,
      0.9589951238985999,
      0.9588240326214035,
      0.9588525478342695,
      0.9586814565570732,
      0.9585673957056089,
      0.958595910918475,
      0.9585673957056089,
      0.958595910918475,
      0.9586814565570732,
      0.9588240326214035,
      0.9587384869828053,
      0.9587384869828053,
      0.9587384869828053,
      0.9588525478342695
    ]
  }
}