{
  "validation_0": {
    "score": [
      0.9966208509182161,
      0.9978042659974906,
      0.9980680392380518,
      0.9981963613550816,
      0.9982320063875898,
      0.9982533934070947,
      0.9982248773810882,
      0.9982391353940915,
      0.9982676514200981,
      0.9982676514200981,
      0.9982533934070947,
      0.9982605224135964,
      0.9982605224135964,
      0.9982676514200981,
      0.9982676514200981,
      0.9982819094331014,
      0.9982819094331014,
      0.9982819094331014,
      0.9982819094331014,
      0.9982819094331014,
      0.9982819094331014,
      0.9982819094331014,
      0.9982819094331014,
      0.9982819094331014,
      0.9982819094331014,
      0.9982819094331014,
      0.9982819094331014,
      0.9982819094331014,
      0.9982819094331014,
      0.9982819094331014
    ]
  },
  "validation_1": {
    "score": [
      0.9547463571815563,
      0.9567709372950469,
      0.9579970914482877,
      0.958595910918475,
      0.9587670021956713,
      0.9592802760272605,
      0.9591376999629302,
      0.9593658216658587,
      0.9593373064529926,
      0.9592517608143944,
      0.9595654281559212,
      0.959052154324332,
      0.9593943368787248,
      0.9589666086857338,
      0.9588525478342695,
      0.9592802760272605,
      0.9594228520915908,
      0.9596794890073854,
      0.9595939433687872,
      0.9596224585816533,
      0.9595939433687872,
      0.9593943368787248,
      0.9596509737945194,
      0.9598220650717157,
      0.9597650346459836,
      0.9598220650717157,
      0.95993612592318,
      0.95993612592318,
      0.9600787019875103,
      0.9600787019875103
    ]
  }
}