{
  "validation_0": {
    "score": [
      0.8676927683358048,
      0.8720984943538268,
      0.8735314246606593,
      0.874422550473366,
      0.8754206113835976,
      0.8751211931105282,
      0.8747504847724421,
      0.8753564503250827,
      0.8758554807801985,
      0.8758340937606935,
      0.8762333181247861,
      0.8761834150792746,
      0.8760622219687464,
      0.8763117371963043,
      0.8760265769362382,
      0.876133512033763,
      0.8752922892665678,
      0.8756629976046538,
      0.8757342876696703,
      0.8758697387932017,
      0.8758768677997034,
      0.8758911258127068,
      0.8761620280597696,
      0.8760123189232348,
      0.876318866202806,
      0.8761548990532679,
      0.8762261891182844,
      0.8762333181247861,
      0.8762333181247861,
      0.8762832211702977
    ]
  },
  "validation_1": {
    "score": [
      0.7778950069862272,
      0.780518406569905,
      0.7820297128518064,
      0.7832558670050472,
      0.7839972625395648,
      0.7837121104109043,
      0.7838261712623684,
      0.7842253842424933,
      0.7848242037126807,
      0.7855085688214662,
      0.7855941144600644,
      0.78627847956885,
      0.785850751375859,
      0.7857937209501269,
      0.7859362970144572,
      0.785822236162993,
      0.7849097493512789,
      0.7848242037126807,
      0.7851663862670735,
      0.785394507970002,
      0.7855655992471984,
      0.7852234166928056,
      0.7855941144600644,
      0.7854800536086002,
      0.7857937209501269,
      0.7855655992471984,
      0.7856511448857966,
      0.7855655992471984,
      0.7854515383957341,
      0.7854800536086002
    ]
  }
}