{
  "validation_0": {
    "score": [
      0.9263526785714286,
      0.9309888392857143,
      0.9324799107142857,
      0.9332299107142857,
      0.9336316964285715,
      0.9338482142857143,
      0.9340089285714286,
      0.9341495535714286,
      0.9342120535714286,
      0.934421875,
      0.9344441964285715,
      0.9344642857142857,
      0.934515625,
      0.9345133928571429,
      0.9345200892857143,
      0.9346049107142858,
      0.93471875,
      0.9347142857142857,
      0.9346808035714286,
      0.9346607142857143,
      0.934640625,
      0.9346383928571429,
      0.9346629464285714,
      0.9346875,
      0.9346964285714285,
      0.9346986607142858,
      0.9346964285714285,
      0.9346897321428571,
      0.9346763392857143,
      0.9346941964285714
    ]
  },
  "validation_1": {
    "score": [
      0.8013915423878639,
      0.8037012746300151,
      0.8061250677236306,
      0.8060965525107645,
      0.8069805241096125,
      0.8080355869856568,
      0.8071516153868089,
      0.8081496478371211,
      0.8079500413470586,
      0.8081781630499871,
      0.8084062847529156,
      0.8082637086885853,
      0.8079215261341925,
      0.8077504348569962,
      0.8079785565599247,
      0.8075793435797998,
      0.8076363740055319,
      0.8074367675154696,
      0.8072941914511392,
      0.807208645812541,
      0.8074082523026035,
      0.807664889218398,
      0.8074082523026035,
      0.8072941914511392,
      0.8074082523026035,
      0.8074652827283356,
      0.8075793435797998,
      0.807664889218398,
      0.8074937979412017,
      0.8074652827283356
    ]
  }
}