{
  "validation_0": {
    "score": [
      0.8162991071428571,
      0.8171071428571428,
      0.8173035714285715,
      0.8173370535714286,
      0.8174129464285714,
      0.8174129464285714,
      0.8174352678571428,
      0.8174486607142857,
      0.8174553571428571,
      0.8174575892857143,
      0.8174598214285714,
      0.8174620535714285,
      0.8174598214285714,
      0.8174665178571429,
      0.8174665178571429,
      0.8174665178571429,
      0.8174665178571429,
      0.81746875,
      0.8174709821428572,
      0.8174709821428572,
      0.8174709821428572,
      0.8174754464285714,
      0.8174776785714286,
      0.8174799107142857,
      0.8174776785714286,
      0.8174776785714286,
      0.8174799107142857,
      0.8174799107142857,
      0.8174776785714286,
      0.8174776785714286
    ]
  },
  "validation_1": {
    "score": [
      0.765348313325159,
      0.7678861672702386,
      0.7692548974878097,
      0.7699677778094614,
      0.7703384755767202,
      0.7698537169579971,
      0.7699962930223274,
      0.7698822321708632,
      0.7701958995123899,
      0.7703384755767202,
      0.770680658131113,
      0.770709173343979,
      0.7705095668539166,
      0.7712794776013003,
      0.770680658131113,
      0.770709173343979,
      0.7708802646211754,
      0.7709658102597736,
      0.7712794776013003,
      0.7713079928141664,
      0.7711654167498361,
      0.7710798711112379,
      0.7707947189825772,
      0.7709658102597736,
      0.7710513558983718,
      0.7712224471755682,
      0.771564629729961,
      0.7714220536656307,
      0.7714220536656307,
      0.7716786905814252
    ]
  }
}