{
  "validation_0": {
    "score": [
      0.8679565415763659,
      0.8720200752823086,
      0.8734886506216494,
      0.8743726474278545,
      0.8752994182730695,
      0.8751069350975248,
      0.8748788068894718,
      0.8754063533705942,
      0.875926770845215,
      0.8758768677997034,
      0.8763046081898027,
      0.876297479183301,
      0.8760978670012547,
      0.8760693509752481,
      0.8758839968062051,
      0.8760764799817498,
      0.8750427740390099,
      0.8756130945591423,
      0.8756772556176571,
      0.875784190715182,
      0.8757628036956769,
      0.8756915136306604,
      0.8761049960077564,
      0.8760479639557431,
      0.8763473822288126,
      0.8761263830272613,
      0.8761691570662713,
      0.8761121250142581,
      0.8762119311052812,
      0.8763117371963043
    ]
  },
  "validation_1": {
    "score": [
      0.7790926459266019,
      0.782714077960592,
      0.7843964755196897,
      0.7844249907325558,
      0.7849097493512789,
      0.7855941144600644,
      0.7851663862670735,
      0.7856796600986626,
      0.7858792665887251,
      0.7864780860589125,
      0.7865921469103767,
      0.7868202686133052,
      0.7858792665887251,
      0.7861929339302518,
      0.785822236162993,
      0.7859077818015912,
      0.784938264564145,
      0.7851378710542074,
      0.785423023182868,
      0.7856796600986626,
      0.7857937209501269,
      0.7856511448857966,
      0.7860788730787875,
      0.7859648122273233,
      0.7860218426530554,
      0.7857366905243948,
      0.7852804471185377,
      0.7855085688214662,
      0.7856511448857966,
      0.7859648122273233
    ]
  }
}